ID,KEGG_cpd
_Ureidoglycolate,C00603
1_2_Carboxyphenylamino_1_deoxy_D_ribulose_5_phosphate,C01302
1_2_Diacyl_3_beta_D_galactosyl_sn_glycerol,C03692
1_2_Diacyl_3_beta_D_galactosyl_sn_glycerol_DGDG,C03692
1_2_Diacyl_3_beta_D_galactosyl_sn_glycerol_MGDG,C03692
1_2_Diacyl_sn_glycerol,C00641
1_2_Diacyl_sn_glycerol_DGDG,C00641
1_2_Diacyl_sn_glycerol_MGDG,C00641
1_2_Diacyl_sn_glycerol_SQDG,C00641
1_2_Dihydroxy_5_methylthiopent_1_en_3_one,C15606
1_3_Diaminopropane,C00986
1_4_Dihydroxy_2_naphthoate,C03657
1_4_Dihydroxy_2_naphthoyl_CoA,C15547
1_5_Phospho_D_ribosyl_5_amino_4_imidazolecarboxylate,C04751
1_5_Phospho_D_ribosyl_ATP,C02739
1_5_Phosphoribosyl_5_amino_4_imidazolecarboxamide,C04677
1_5_Phosphoribosyl_5_amino_4_N_succinocarboxamide_imidazole,C04823
1_5_Phosphoribosyl_5_formamido_4_imidazolecarboxamide,C04734
1_Acyl_sn_glycerol_3_phosphate,C00681
1_Aminocyclopropane_1_carboxylate,C01234
1_Deoxy_D_xylulose_5_phosphate,C11437
1_Hydroxy_2_methyl_2_butenyl_4_diphosphate,C11811
1_Hydroxy_gamma_carotene,C15859
1_Hydroxytorulene,C15860
1_Keto_D_chiro_inositol,C20251
1_Phosphatidyl_1D_myo_inositol_4_phosphate,C01277
1_Phosphatidyl_D_myo_inositol,C01194
1_Phosphatidyl_D_myo_inositol_4_5_bisphosphate,C04637
1_Pyrroline_2_carboxylate,C03564
1_Pyrroline_4_hydroxy_2_carboxylate,C04282
10_Formyltetrahydrofolate,C00234
131_Hydroxy_magnesium_protoporphyrin_IX_13_monomethyl_ester,C11829
131_Oxo_magnesium_protoporphyrin_IX_13_monomethyl_ester,C11830
15_16_Dihydrobiliverdin,C11630
15_9_dicis_Phytofluene,C19765
15_cis_Phytoene,C05421
1D_chiro_Inositol,C19891
1D_myo_Inositol_1_3_4_trisphosphate,C01243
1D_myo_Inositol_1_4_bisphosphate,C01220
1D_myo_Inositol_3_phosphate,C04006
1R_6R_6_Hydroxy_2_succinylcyclohexa_2_4_diene_1_carboxylate,C05817
2_2_Carboxy_4_methylthiazol_5_ylethyl_phosphate,C20247
2_2R_5Z_2_Carboxy_4_methylthiazol_52H_ylideneethyl_phosphate,C20246
2_3_23_Tetrakis3_hydroxytetradecanoyl_D_glucosaminyl_1_6_beta_D_glucosamine_1_4_bisphosphate,C04919
2_3_4_5_Tetrahydrodipicolinate,C03972
2_3_Cyclic_AMP,C02353
2_3_Cyclic_CMP,C02354
2_3_Cyclic_GMP,C06194
2_3_Cyclic_UMP,C02355
2_3_Dihydroxy_3_methylbutanoate,C04039
2_3_Diketo_5_methylthiopentyl_1_phosphate,C15650
2_3_Dimethyl_5_phytylquinol,C15883
2_4_6_3_5_Pentahydroxycyclohexanone,C00691
2_4_Bisacetamido_2_4_6_trideoxy_beta_L_altropyranose,C19972
2_4_Diacetamido_2_4_6_trideoxy_D_mannopyranose,C20424
2_5_Diamino_6_5_phospho_D_ribosylaminopyrimidin_43H_one,C01304
2_5_Diamino_6_5_triphosphoryl_3_4_trihydroxy_2_oxopentyl_amino_4_oxopyrimidine,C06148
2_5_Diaminopyrimidine_nucleoside_triphosphate,C05923
2_5_Dioxopentanoate,C00433
2_Acetolactate,C00900
2_alpha_D_Mannosyl_3_phosphoglycerate,C11516
2_alpha_Hydroxyethylthiamine_diphosphate,C05125
2_alpha_Hydroxypropylthiamine_diphosphate,C21017
2_Amino_1_hydroxyethylphosphonate,C05678
2_Amino_3_oxo_4_phosphonooxybutyrate,C07335
2_Aminobut_2_enoate,C17234
2_Aminoethylphosphonate,C03557
2_C_Methyl_D_erythritol_2_4_cyclodiphosphate,C11453
2_C_Methyl_D_erythritol_4_phosphate,C11434
2_Dehydro_3_deoxy_6_phospho_D_gluconate,C04442
2_Dehydro_3_deoxy_D_arabino_heptonate_7_phosphate,C04691
2_Dehydro_3_deoxy_D_glucarate,C03921
2_Dehydro_3_deoxy_D_gluconate,C00204
2_Dehydro_3_deoxy_L_rhamnonate,C03979
2_Dehydropantoate,C00966
2_Demethylmenaquinone,C05818
2_Deoxy_D_ribose_5_phosphate,C00673
2_Deoxyinosine_5_phosphate,C06196
2_Formamido_N1_5_phosphoribosylacetamidine,C04640
2_Hexaprenyl_3_methyl_6_methoxy_1_4_benzoquinone,C05804
2_Hexaprenyl_6_methoxy_1_4_benzoquinone,C05803
2_Hydroxy_2_4_pentadienoate,C00596
2_Hydroxy_3_4_hydroxyphenylpropenoate,C05350
2_Hydroxy_3_oxopropanoate,C01146
2_Hydroxy_3_phenylpropenoate,C02763
2_Hydroxy_6_keto_2_4_heptadienoate,C06210
2_Iminobutanoate,C20905
2_Iminopropanoate,C20904
2_Isopropylmaleate,C02631
2_Methyl_1_hydroxybutyl_ThPP,C15978
2_Methyl_1_hydroxypropyl_ThPP,C15976
2_Methyl_6_phytylquinol,C15882
2_Methyl_6_solanyl_1_4_benzoquinol,C17570
2_Methylmaleate,C02226
2_Methylthio_N6_dimethylallyladenine_in_tRNA,C20753
2_O_alpha_D_Mannosyl_D_glycerate,C11544
2_Octaprenyl_3_methyl_6_methoxy_1_4_benzoquinone,C05814
2_Octaprenyl_6_methoxy_1_4_benzoquinone,C05813
2_Octaprenyl_6_methoxyphenol,C05812
2_Octaprenylphenol,C05810
2_Oxobutanoate,C00109
2_Oxoglutarate,C00026
2_Phenylacetamide,C02505
2_Phospho_4_cytidine_5_diphospho_2_C_methyl_D_erythritol,C11436
2_Phospho_D_glycerate,C00631
2_Phosphoglycolate,C00988
2_Phytyl_1_4_naphthoquinone,C13309
2_Polyprenyl_3_methyl_6_methoxy_1_4_benzoquinone,C17561
2_Polyprenyl_6_methoxy_1_4_benzoquinone,C17560
2_Polyprenyl_6_methoxyphenol,C17552
2_Polyprenylphenol,C05807
2_Succinyl_5_enolpyruvyl_6_hydroxy_3_cyclohexene_1_carboxylate,C16519
2_Succinylbenzoate,C02730
2_Succinylbenzoyl_CoA,C03160
2E_4E_6E_2_6_Dimethylocta_2_4_6_trienedial,C19729
2E_Octadecenoyl_acp,C16221
2R_3_Sulfolactate,C11537
2R_3S_3_Isopropylmalate,C04411
2R_O_Phospho_3_sulfolactate,C11536
2S_2_Isopropyl_3_oxosuccinate,C04236
2S_3R_3_Hydroxybutane_1_2_3_tricarboxylate,C04593
2S_4S_4_Hydroxy_2_3_4_5_tetrahydrodipicolinate,C20258
3_4_Dihydroxymandelaldehyde,C05577
3_4_Dihydroxyphenylethyleneglycol,C05576
3_4_Hydroxyphenylpyruvate,C01179
3_5_Cyclic_AMP,C00575
3_5_Cyclic_diGMP,C16463
3_5_Cyclic_GMP,C00942
3_Amino_2_oxopropyl_phosphate,C11638
3_Aminopropanal,C05665
3_AMP,C01367
3_CMP,C05822
3_D_Glucosyl_1_2_diacylglycerol,C04046
3_Dehydro_D_glucose_6_phosphate,C20668
3_Dehydroquinate,C00944
3_Dehydroshikimate,C02637
3_Deoxy_D_manno_octulosonate,C01187
3_Deoxy_D_manno_octulosonate_8_phosphate,C04478
3_Hexaprenyl_4_hydroxybenzoate,C13425
3_Hydroxy_3_methyl_2_oxobutanoic_acid,C04181
3_Hydroxyglutaryl_acp_methyl_ester,C20373
3_Hydroxyoctadecanoyl_CoA,C16217
3_Hydroxypimeloyl_acp_methyl_ester,C20377
3_Imidazol_4_yl_2_oxopropyl_phosphate,C01267
3_Indoleacetonitrile,C02938
3_Ketoglutaryl_acp_methyl_ester,C20372
3_Ketopimeloyl_acp_methyl_ester,C20376
3_Methyl_1_hydroxybutyl_ThPP,C15974
3_Methyl_2_oxobutanoic_acid,C00141
3_Methylthiopropanoate,C08276
3_Nonaprenyl_4_hydroxybenzoate,C03885
3_O_alpha_D_Mannosyl_L_serinyl_protein,C02863
3_O_alpha_D_Mannosyl_L_threonyl_protein,C20722
3_O_Methylphospho_alpha_D_Man_1_2_alpha_D_Man_1_2_alpha_D_Man_1_3_alpha_D_Man_1_3_alpha_D_Man_1_2_alpha_D_Man_1_2_alpha_D_Man_1_3_alpha_D_Man_1_3n_alpha_D_Man_1_3_alpha_D_Man_1_3_alpha_D_GlcNAc_diphospho_ditrans_octacis_undecaprenol,C20763
3_O_Phospho_alpha_D_Man_1_2_alpha_D_Man_1_2_alpha_D_Man_1_3_alpha_D_Man_1_3_alpha_D_Man_1_2_alpha_D_Man_1_2_alpha_D_Man_1_3_alpha_D_Man_1_3n_alpha_D_Man_1_3_alpha_D_Man_1_3_alpha_D_GlcNAc_diphospho_ditrans_octacis_undecaprenol,C20762
3_Octaprenyl_4_hydroxybenzoate,C05809
3_Oxodecanoyl_acp,C05753
3_Oxododecanoyl_acp,C05756
3_Oxohexadecanoyl_acp,C05762
3_Oxohexanoyl_acp,C05746
3_Oxooctanoyl_acp,C05750
3_Oxostearoyl_acp,C16219
3_Oxostearoyl_CoA,C16216
3_Oxotetradecanoyl_acp,C05759
3_Phospho_D_glycerate,C00197
3_Phospho_D_glyceroyl_phosphate,C00236
3_Phosphoadenylyl_sulfate,C00053
3_Phosphoadenylylselenate,C05696
3_Phosphonooxypyruvate,C03232
3_Phosphonopyruvate,C02798
3_Sulfiniylpyruvate,C05527
3_Sulfino_L_alanine,C00606
3_Sulfinylpyruvate,C05527
3_Sulfopyruvate,C05528
3_UMP,C01368
3_Ureidopropionate,C02642
3R_3_Hydroxybutanoyl_acp,C04618
3R_3_Hydroxydecanoyl_acp,C04619
3R_3_Hydroxyoctanoyl_acp,C04620
3R_3_Hydroxypalmitoyl_acp,C04633
3R_3_Hydroxytetradecanoyl_acp,C04688
3Z_Phycocyanobilin,C05786
3Z_Phycoerythrobilin,C05912
4_Amino_2_methyl_5_phosphooxymethylpyrimidine,C04556
4_Amino_4_deoxychorismate,C11355
4_Amino_5_aminomethyl_2_methylpyrimidine,C20267
4_Amino_5_hydroxymethyl_2_methylpyrimidine,C01279
4_Amino_5_hydroxymethyl_2_methylpyrimidine_diphosphate,C04752
4_Aminobenzoate,C00568
4_Aminobutanoate,C00334
4_Cytidine_5_diphospho_2_C_methyl_D_erythritol,C11435
4_Hydroxy_2_oxoglutarate,C01127
4_Hydroxy_2_oxopentanoate,C03589
4_Hydroxy_3_polyprenylbenzoate,C05848
4_Hydroxy_L_threonine,C06056
4_Hydroxybenzoate,C00156
4_Methyl_2_oxopentanoate,C00233
4_Methyl_5_2_phosphooxyethylthiazole,C04327
4_Methylthio_2_oxobutanoic_acid,C01180
4_Phospho_L_aspartate,C03082
4_Trimethylammoniobutanoate,C01181
4_Trimethylammoniobutanoyl_CoA,C20749
4a_Hydroxytetrahydrobiopterin,C15522
4R_4_Hydroxy_2_oxoglutarate,C05946
4S_4_6_Dihydroxy_2_5_dioxohexanoate,C04349
5_10_Methenyltetrahydrofolate,C00445
5_10_Methylenetetrahydrofolate,C00143
5_10_Methylenetetrahydromethanopterin,C04377
5_2_Hydroxyethyl_4_methylthiazole,C04294
5_5_Phospho_D_ribosylaminoformimino_1_5_phosphoribosyl_imidazole_4_carboxamide,C04896
5_6_7_8_Tetrahydromethanopterin,C01217
5_6_Dihydrothymine,C00906
5_6_Dihydrouracil,C00429
5_Amino_4_imidazolecarboxyamide,C04051
5_Amino_6_1_D_ribitylaminouracil,C04732
5_Amino_6_5_phospho_D_ribitylaminouracil,C04454
5_Amino_6_5_phosphoribosylaminouracil,C01268
5_Aminolevulinate,C00430
5_Carboxyamino_1_5_phospho_D_ribosylimidazole,C15667
5_Dehydro_4_deoxy_D_glucarate,C00679
5_Deoxyadenosine,C05198
5_Hydroxyindoleacetaldehyde,C05634
5_Hydroxyindoleacetate,C05635
5_Methyltetrahydrofolate,C00440
5_Methylthio_D_ribose,C03089
5_Methylthioadenosine,C00170
5_O_1_Carboxyvinyl_3_phosphoshikimate,C01269
5_Oxopentanoate,C03273
5_Phospho_alpha_D_ribose_1_diphosphate,C00119
5_Phosphoribosyl_N_formylglycinamide,C04376
5_Phosphoribosylamine,C03090
5_Phosphoribosylglycinamide,C03838
5_S_Methyl_5_thioinosine,C19787
6_7_Dimethyl_8_D_ribityllumazine,C04332
6_Carboxy_5_6_7_8_tetrahydropterin,C20239
6_Carboxyhexanoyl_CoA,C01063
6_Deoxy_6_sulfo_D_fructose,C20830
6_Geranylgeranyl_2_3_dimethylbenzene_1_4_diol,C20738
6_Geranylgeranyl_2_methylbenzene_1_4_diol,C20737
6_Hydroxymethyl_7_8_dihydropterin,C01300
6_Hydroxymethyl_7_8_dihydropterin_diphosphate,C04807
6_Phospho_D_gluconate,C00345
6_Pyruvoyltetrahydropterin,C03684
7_8_Diaminononanoate,C01037
7_8_Dihydro_beta_carotene,C16291
7_8_Dihydroneopterin,C04874
7_8_Dihydroneopterin_3_triphosphate,C04895
7_9_7_9_tetracis_Lycopene,C15858
7_9_9_tricis_Neurosporene,C19759
7_Aminomethyl_7_carbaguanine,C16675
7_Carboxy_7_carbaguanine,C20248
7_Cyano_7_carbaguanine,C15996
71_Hydroxychlorophyllide_a,C16540
8_Amino_3_8_dideoxy_D_manno_octulosonate,C21333
8_Amino_7_oxononanoate,C01092
8S_3_8_Cyclo_7_8_dihydroguanosine_5_triphosphate,C21310
9_15_9_tricis_zeta_Carotene,C19764
9_9_dicis_zeta_Carotene,C15857
9Z_12Z_Hexadeca_9_12_dienoyl_CoA,C21000
Acetaldehyde,C00084
Acetate,C00033
Acetoacetyl_acp,C05744
Acetyl_acp,C03939
Acetyl_CoA,C00024
Acyl_acp,C00173
Acyl_carrier_protein,C00229
Adenine,C00147
Adenine_in_rRNA,C20648
Adenosine,C00212
Adenosine_3_5_bisphosphate,C00054
Adenosine_GDP_cobinamide,C06510
Adenosyl_cobinamide,C06508
Adenosyl_cobinamide_phosphate,C06509
Adenosyl_cobyrinate_a_c_diamide,C06506
Adenosyl_cobyrinate_hexaamide,C06507
Adenosylcobalamin_5_phosphate,C21153
Adenylated_molybdopterin,C19848
Adenylyl_sulfate,C00224
Adenylylselenate,C05686
ADP,C00008
ADP_D_glycero_beta_D_manno_heptose,C06397
ADP_glucose,C00498
ADP_L_glycero_beta_D_manno_heptose,C06398
ADP_ribose,C00301
Agmatine,C00179
all_trans_8_Apo_beta_carotenal,C19728
all_trans_Hexaprenyl_diphosphate,C01230
all_trans_Neurosporene,C05431
all_trans_Nonaprenyl_diphosphate,C04145
all_trans_Octaprenyl_diphosphate,C04146
all_trans_Phytoene,C05413
all_trans_Phytofluene,C05414
all_trans_Polyprenyl_diphosphate,C05847
all_trans_zeta_Carotene,C05430
alpha_alpha_Trehalose,C01083
alpha_Carotene,C05433
alpha_D_Galactose,C00984
alpha_D_Galactose_1_phosphate,C00446
alpha_D_Glucosamine_1_phosphate,C06156
alpha_D_Glucose,C00267
alpha_D_Glucose_6_phosphate,C00668
alpha_D_Man_1_2_alpha_D_Man_1_2_alpha_D_Man_1_3_alpha_D_Man_1_3_alpha_D_Man_1_2_alpha_D_Man_1_2_alpha_D_Man_1_3_alpha_D_Man_1_3n_alpha_D_Man_1_3_alpha_D_Man_1_3_alpha_D_GlcNAc_diphospho_ditrans_octacis_undecaprenol,C20761
alpha_D_Ribose_1_phosphate,C00620
alpha_Isopropylmalate,C02504
alpha_Kdo_2_4_alpha_Kdo_2_6_4_P_L_Ara4N_lipid_A,C19890
alpha_Kdo_2_4_alpha_Kdo_2_6_4_P_L_Ara4N_lipid_IVA,C19883
alpha_Ribazole,C05775
alpha_Tocopherol,C02477
alpha_Tocotrienol,C14153
alpha_Zeacarotene,C14146
Aminoacetone,C01888
Aminoimidazole_ribotide,C03373
Ammonia,C00014
AMP,C00020
Amylose,C00031
Anthranilate,C00108
Apo_acp,C03688
Apo_carboxylase,C06249
Apoprotein,C16240
Arsenate,C11215
Arsenite,C06697
Ascorbate,C00072
ATP,C00002
Bacteriochlorophyll_a,C11242
Bacteriochlorophyll_b,C11243
beta_Alanine,C00099
beta_Carotene,C02094
beta_Cryptoxanthin,C08591
beta_D_Fructose,C02336
beta_D_Fructose_1_6_bisphosphate,C05378
beta_D_Fructose_6_phosphate,C05345
beta_D_Glucose,C00221
beta_D_Glucose_1_phosphate,C00663
beta_D_Glucose_6_phosphate,C01172
beta_D_Glucoside,C00963
beta_D_Glucosyl_1_1_ceramide,C01190
beta_Tocopherol,C14152
beta_Tocotrienol,C14154
beta_Zeacarotene,C05434
Betaine,C00719
Betaine_aldehyde,C00576
Biliverdin,C00500
biomass,
BioPool,
Biotin,C00120
Biotinyl_5_AMP,C05921
But_2_enoyl_acp,C04246
Butyryl_acp,C05745
Cadaverine,C01672
Cadmium,C01413
Calcium_cation,C00076
Carbamate,C01563
Carbamoyl_phosphate,C00169
Carbohydrate,
Carboxybiotin_carboxyl_carrier_protein,C04419
Carboxylate,C00060
Carboxyphosphate,C20969
CDP,C00112
CDP_3_6_dideoxy_D_glucose,C03598
CDP_3_6_dideoxy_D_mannose,C03599
CDP_4_dehydro_3_6_dideoxy_D_glucose,C04297
CDP_4_dehydro_6_deoxy_D_glucose,C01219
CDP_diacylglycerol,C00269
CDP_ethanolamine,C00570
CDP_glucose,C00501
CDP_glycerol,C00513
Cellobiose,C00185
CellWall,
Chitin,C00461
Chitobiose,C01674
Chloride_ion,C00698
Chlorophyll_a,C05306
Chlorophyll_b,C05307
Chlorophyllide,C02139
Chlorophyllide_b,C16541
Choline,C00114
Choline_phosphate,C00588
Chorismate,C00251
Chromate,
cis_4_Hydroxy_D_proline,C03440
cis_Aconitate,C00417
Citrate,C00158
CMP,C00055
CMP_2_aminoethylphosphonate,C05673
CMP_3_deoxy_D_manno_octulosonate,C04121
CMP_8_amino_3_8_dideoxy_beta_D_manno_octulosonate,C21334
CMP_N_acetylneuraminate,C00128
CMP_N_glycoloylneuraminate,C03691
CMP_pseudaminic_acid,C20083
CO,C00237
CO2,C00011
CoA,C00010
Cobalt_dihydro_precorrin_6,C11543
Cobalt_factor_III,C17401
Cobalt_ion,C00175
Cobalt_precorrin_3,C11539
Cobalt_precorrin_4,C11540
Cobalt_precorrin_5A,C16242
Cobalt_precorrin_5B,C16243
Cobalt_precorrin_6,C11542
Cobalt_precorrin_8,C11545
Cobalt_sirohydrochlorin,C11538
Cobamide_coenzyme,C00194
CobIalamin,C00853
CobIIyrinate_a_c_diamide,C06504
Cobinamide,C05774
CobIyrinate_a_c_diamide,C06505
Cobyrinate,C05773
Coenzyme_F420,C00876
Coenzyme_F420_0,C19153
Coenzyme_F420_1,C19152
Copper,C00070
Coproporphyrin_III,C05770
Coproporphyrinogen_I,C05768
Coproporphyrinogen_III,C03263
Creatine,C00300
Creatinine,C00791
CTP,C00063
Cyanate,C01417
Cyanide_ion,C00177
Cyclomaltodextrin,C00973
Cys_Gly,C01419
Cystathionine,C00542
Cytidine,C00475
Cytosine,C00380
D_1_Aminopropan_2_ol_O_phosphate,C04122
D_4_Phosphopantothenate,C03492
D_Alanine,C00133
D_Alanyl_D_alanine,C00993
D_Arabinose_5_phosphate,C01112
D_erythro_1_Imidazol_4_ylglycerol_3_phosphate,C04666
D_erythro_3_Methylmalate,C06032
D_Erythrose_4_phosphate,C00279
D_Fructose,C00095
D_Fructose_1_6_bisphosphate,C00354
D_Fructose_1_phosphate,C01094
D_Fructose_6_phosphate,C00085
D_Galactonate,C00880
D_Galactose,C00124
D_Galacturonate,C00333
D_Glucono_1_5_lactone_6_phosphate,C01236
D_Glucosamine_6_phosphate,C00352
D_Glucose,C00031
D_Glucose_1_phosphate,C00103
D_Glucose_6_phosphate,C00092
D_Glutamate,C00217
D_Glutamine,C00819
D_Glyceraldehyde,C00577
D_Glyceraldehyde_3_phosphate,C00118
D_Glycerate,C00258
D_glycero_alpha_D_manno_Heptose_1_7_bisphosphate,C19879
D_glycero_alpha_D_manno_Heptose_1_phosphate,C19880
D_glycero_alpha_D_manno_Heptose_7_phosphate,C19878
D_glycero_beta_D_manno_Heptose_1_7_bisphosphate,C11472
D_glycero_beta_D_manno_Heptose_1_phosphate,C07838
D_glycero_beta_D_manno_Heptose_7_phosphate,C07836
D_glycero_D_manno_Heptose_7_phosphate,C19882
D_Mannose_1_phosphate,C00636
D_Mannose_6_phosphate,C00275
D_myo_Inositol_3_4_bisphosphate,C04063
D_Phenylalanine,C02265
D_Proline,C00763
D_Ribose,C00121
D_Ribose_1_5_bisphosphate,C01151
D_Ribose_5_phosphate,C00117
D_Ribulose_1_5_bisphosphate,C01182
D_Ribulose_5_phosphate,C00199
D_Sorbitol,C00794
D_Tagatose_6_phosphate,C01097
D_Xylulose,C00310
D_Xylulose_5_phosphate,C00231
dADP,C00206
dAMP,C00360
dATP,C00131
dCDP,C00705
dCMP,C00239
dCTP,C00458
Deamino_NAD,C00857
Decanoyl_acp,C05755
Decaprenol_phosphate,C02970
Dehydroascorbate,C05422
delta_Carotene,C08586
delta_Tocopherol,C14151
delta_Tocotrienol,C14156
Demethylmenaquinol,C19847
Deoxyadenosine,C00559
Deoxycytidine,C00881
Deoxyguanosine,C00330
Deoxyribose,C01801
Deoxyuridine,C00526
Dephospho_CoA,C00882
Dethiobiotin,C01909
Dextrin,C00721
dGDP,C00361
dGMP,C00362
dGTP,C00286
di_trans_poly_cis_Undecaprenol,C17558
di_trans_poly_cis_Undecaprenyl_diphosphate,C04574
di_trans_poly_cis_Undecaprenyl_phosphate,C17556
Di3_deoxy_D_manno_octulosonyl_lipid_A,C06026
Di3_deoxy_D_manno_octulosonyl_lipid_IVA,C06025
Diacetyl,C00741
Diacylglyceryl_2_aminoethylphosphonate,C05675
dIDP,C01344
Digalactosyl_diacylglycerol,C06037
Dihydrobiopterin,C00268
Dihydroflavodoxin,C05196
Dihydrofolate,C00415
Dihydrogeranylgeranyl_diphosphate,C17439
Dihydrolipoyllysine_residue_2_methylpropanoyltransferase_S_2_methylbutanoyldihydrolipoyllysine,C15979
Dihydrolipoyllysine_residue_2_methylpropanoyltransferase_S_2_methylpropanoyldihydrolipoyllysine,C15977
Dihydrolipoyllysine_residue_2_methylpropanoyltransferase_S_3_methylbutanoyldihydrolipoyllysine,C15975
Dihydrolipoyllysine_residue_acetyltransferase_S_acetyldihydrolipoyllysine,C16255
Dihydrolipoylprotein,C02972
Dihydropteroate,C00921
Dimethyl_sulfide,C00580
Dimethylallyl_diphosphate,C00235
Dimethylallyl_phosphate,C21214
Dimethylbenzimidazole,C03114
Diphosphate,C00013
dITP,C01345
Divinyl_71_Hydroxychlorophyllide_a,
Divinyl_chlorophyllide_a,C11832
Divinyl_chlorophyllide_b,
Divinylprotochlorophyllide,C11831
DMSP,C04022
DNA,
Dodecanoyl_acp,C05223
Dolichyl_phosphate,C00110
Dolichyl_phosphate_D_mannose,C03862
dTDP,C00363
dTDP_4_dehydro_beta_L_rhamnose,C00688
dTDP_4_oxo_6_deoxy_D_glucose,C11907
dTDP_6_deoxy_beta_L_talose,C03187
dTDP_galactose,C02097
dTDP_glucose,C00842
dTDP_L_rhamnose,C03319
dTMP,C00364
dTTP,C00459
dUDP,C01346
dUMP,C00365
dUTP,C00460
e_,C05359
E_4_Trimethylammoniobut_2_enoate,C04114
E_4_Trimethylammoniobut_2_enoyl_CoA,C20748
Enoylglutaryl_acp_methyl_ester,C20374
Enoylpimeloyl_acp_methyl_ester,C20378
Enzyme_N6_lipoyllysine,C15972
Enzyme_N6_S_propyldihydrolipoyllysine,C21018
epsilon_Carotene,C16276
Ethanol,C00469
Ethanolamine_phosphate,C00346
Ethylene,C06547
FAD,C00016
FADH2,C01352
Fe_coproporphyrin_III,C21284
Fe2,C14818
Ferricytochrome_c,C00125
Ferrocytochrome_c,C00126
Flavodoxin_semiquinone,C05199
FMN,C00061
Folinic_acid,C03479
Formaldehyde,C00067
Formamidopyrimidine_nucleoside_triphosphate,C05922
Formate,C00058
Formylmethanofuran,C01001
Fumarate,C00122
Galactitol_1_phosphate,C06311
Galactosylceramide,C02686
gamma_Amino_gamma_cyanobutanoate,C05715
gamma_Carotene,C05435
gamma_L_Glutamyl_L_2_aminobutyrate,C21015
gamma_L_Glutamyl_L_cysteine,C00669
gamma_Tocopherol,C02483
gamma_Tocotrienol,C14155
GDP,C00035
GDP_4_amino_4_6_dideoxy_alpha_D_mannose,C20638
GDP_4_dehydro_6_deoxy_D_mannose,C01222
GDP_D_glycero_alpha_D_manno_heptose,C19881
GDP_L_fucose,C00325
GDP_L_galactose,C02280
GDP_L_gulose,C15925
GDP_mannose,C00096
Geranyl_diphosphate,C00341
Geranylgeranyl_bacteriochlorophyllide_a,C21217
Geranylgeranyl_bacteriochlorophyllide_b,C21435
Geranylgeranyl_diphosphate,C00353
Glutamate,C00302
Glutaminyl_tRNA,C02282
Glutarate,C00489
Glutaryl_acp_methyl_ester,C20375
Glutathione,C00051
Glutathione_disulfide,C00127
Glycerol,C00116
Glycerone,C00184
Glycerone_phosphate,C00111
Glycine,C00037
Glycogen,C00031
Glycolaldehyde,C00266
Glycolate,C00160
Glycyl_tRNAGly,C02412
Glyoxylate,C00048
GMP,C00144
GTP,C00044
Guanine,C00242
Guanosine,C00387
Guanosine_3_5_bisdiphosphate,C01228
Guanosine_3_diphosphate_5_triphosphate,C04494
Guanosine_3_phosphate,C06193
Guanylyl_molybdenum_cofactor,C19871
H,C00080
H2O,C00001
HCO3_,C00288
Heat,
Heme,C00032
Heme_A,C15670
Heme_O,C15672
Hexadecanoic_acid,C00249
Hexadecanoyl_acp,C05764
Hexanoyl_acp,C05749
Histamine,C00388
Histone_L_lysine,C02415
Histone_N6_methyl_L_lysine,C03702
Holo_carboxylase,C06250
Hydrogen_peroxide,C00027
Hydrogen_selenide,C01528
Hydrogen_sulfide,C00283
Hydrogenobyrinate,C06399
Hydrogenobyrinate_a_c_diamide,C06503
Hydroxyacetone,C05235
Hydroxymethylbilane,C01024
Hydroxyproline,C01157
Hydroxypyruvate,C00168
Hypotaurine,C00519
Hypoxanthine,C00262
IDP,C00104
Iminoaspartate,C05840
Iminoglycine,C15809
IMP,C00130
Indol_3_ylacetamide,C02693
Indole,C00463
Indole_3_acetaldehyde,C00637
Indole_3_acetate,C00954
Indoleglycerol_phosphate,C03506
Inosine,C00294
Inositol_1_phosphate,C01177
Ions,
Isochorismate,C00885
Isocitrate,C00311
Isopentenyl_diphosphate,C00129
ITP,C00081
K,C00238
Kanosamine_6_phosphate,C12213
L_1_Pyrroline_3_hydroxy_5_carboxylate,C04281
L_2_4_Diaminobutanoate,C03283
L_2_Amino_3_oxobutanoic_acid,C03508
L_3_4_Dihydroxybutan_2_one_4_phosphate,C15556
L_Alanine,C00041
L_Alanyl_tRNA,C00886
L_Arginine,C00062
L_Arginyl_tRNAArg,C02163
L_Arogenate,C00826
L_Asparagine,C00152
L_Asparaginyl_tRNAAsn,C03402
L_Aspartate,C00049
L_Aspartate_4_semialdehyde,C00441
L_Aspartyl_tRNAAsn,C06113
L_Aspartyl_tRNAAsp,C02984
L_Carnitine,C00318
L_Carnitinyl_CoA,C20750
L_Citrulline,C00327
L_Cystathionine,C02291
L_Cysteate,C00506
L_Cysteine,C00097
L_Cysteinyl_tRNACys,C03125
L_Cystine,C00491
L_erythro_4_Hydroxyglutamate,C05947
L_Galactonate,C15930
L_Glutamate,C00025
L_Glutamate_5_semialdehyde,C01165
L_Glutamine,C00064
L_Glutamyl_5_phosphate,C03287
L_Glutamyl_tRNAGln,C06112
L_Glutamyl_tRNAGlu,C02987
L_Histidinal,C01929
L_Histidine,C00135
L_Histidinol,C00860
L_Histidinol_phosphate,C01100
L_Histidyl_tRNAHis,C02988
L_Homocysteine,C00155
L_Homoserine,C00263
L_Isoleucine,C00407
L_Isoleucyl_tRNAIle,C03127
L_Leucine,C00123
L_Leucyl_tRNA,C02047
L_Lysine,C00047
L_Lysyl_tRNA,C01931
L_Methionine,C00073
L_Methionyl_tRNA,C02430
L_Ornithine,C00077
L_Phenylalanine,C00079
L_Phenylalanyl_tRNAPhe,C03511
L_Proline,C00148
L_Prolyl_tRNAPro,C02702
L_Selenocystathionine,C05699
L_Selenocysteine,C05688
L_Selenomethionine,C05335
L_Serine,C00065
L_Seryl_tRNASec,C06481
L_Seryl_tRNASer,C02553
L_Threonine,C00188
L_Threonine_O_3_phosphate,C12147
L_Threonyl_tRNAThr,C02992
L_Threonylcarbamoyladenylate,C20641
L_Tryptophan,C00078
L_Tryptophanyl_tRNATrp,C03512
L_Tyrosine,C00082
L_Tyrosyl_tRNATyr,C02839
L_Valine,C00183
L_Valyl_tRNAVal,C02554
Lactaldehyde,C05999
Lactose,C00243
Linoleoyl_acp,C16160
Linoleoyl_CoA,C02050
Lipid,
Lipid_A_disaccharide,C04932
Lipid_IIA,C19884
Lipid_X,C04824
Lipoyl_acp,C16239
Lipoyl_AMP,C16238
Lipoylprotein,C02051
LL_2_6_Diaminoheptanedioate,C00666
Lycopene,C05432
Magnesium_cation,C00305
Magnesium_protoporphyrin,C03516
Magnesium_protoporphyrin_monomethyl_ester,C04536
Malonyl_acp,C01209
Malonyl_acp_methyl_ester,C19673
Malonyl_CoA,C00083
Maltodextrin,C01935
Maltose,C00208
Menaquinol,C05819
Menaquinone,C00828
Mercaptopyruvate,C00957
meso_2_6_Diaminoheptanedioate,C00680
Methaneselenol,C05703
Methanethiol,C00409
Methanofuran,C00862
Methanol,C00132
Methylarsonate,C07294
Methylglyoxal,C00546
Methylimidazole_acetaldehyde,C05827
Methylphosphonate,C20396
Methylselenic_acid,C18902
Mn2,C19610
Molybdate,C06232
Molybdenum,C00150
Molybdoenzyme_molybdenum_cofactor,C18237
Molybdopterin,C05924
MurAcoyl_L_Ala_D_gamma_Glu_L_Lys_D_Ala_D_Ala_diphospho_undecaprenol,C04851
myo_Inositol,C00137
myo_Inositol_4_phosphate,C03546
N_5_Phospho_D_1_ribulosylformimino_5_amino_1_5_phospho_D_ribosyl_4_imidazolecarboxamide,C04916
N_5_Phospho_D_ribosylanthranilate,C04302
N_Acetyl_alpha_D_glucosamine_1_phosphate,C04501
N_Acetyl_D_glucosamine,C00140
N_Acetyl_D_glucosamine_6_phosphate,C00357
N_Acetyl_D_glucosaminyldiphosphoundecaprenol,C01289
N_Acetyl_D_mannosamine,C00645
N_Acetyl_D_mannosamine_6_phosphate,C04257
N_Acetyl_L_2_amino_6_oxopimelate,C05539
N_Acetyl_L_aspartate,C01042
N_Acetyl_L_glutamate,C00624
N_Acetyl_L_glutamate_5_phosphate,C04133
N_Acetyl_L_glutamate_5_semialdehyde,C01250
N_Acetylmuramate,C02713
N_Acetylmuramic_acid_6_phosphate,C16698
N_Acetylmuramoyl_Ala,C02999
N_Acetylneuraminate,C00270
N_Acetylneuraminate_9_phosphate,C06241
N_Acetylornithine,C00437
N_Acetylputrescine,C02714
N_Acylsphingosine,C00195
N_Carbamoyl_L_aspartate,C00438
N_Carbamoylputrescine,C00436
N_Carbamoylsarcosine,C01043
N_Formyl_L_aspartate,C01044
N_Formylmethionyl_tRNA,C03294
N_Glycoloyl_neuraminate,C03410
N_L_Argininosuccinate,C03406
N_Methylhistamine,C05127
N_Methylhydantoin,C02565
N_N_Diacetyllegionaminate,C20418
N_N_Dimethylglycine,C01026
N_R_Pantothenoyl_L_cysteine,C04079
N_Succinyl_2_L_amino_6_oxoheptanedioate,C04462
N_Succinyl_L_glutamate_5_semialdehyde,C05932
N_Succinyl_LL_2_6_diaminoheptanedioate,C04421
N1_5_Phospho_alpha_D_ribosyl_5_6_dimethylbenzimidazole,C04778
N2_Succinyl_L_ornithine,C03415
N4_Acetylaminobutanal,C05936
N6_1_2_Dicarboxyethyl_AMP,C03794
N6_Acetyl_LL_2_6_diaminoheptanedioate,C04390
N6_Dimethyladenine_in_rRNA,C20796
N6_L_Threonylcarbamoyladenine_in_tRNA,C20751
NAD,C00003
NADH,C00004
NADP,C00006
NADPH,C00005
NB,
NDP,C00454
Nickel_sirohydrochlorin,C21510
Nickel_sirohydrochlorin_a_c_diamide,C21511
Nickel2,C19609
Nicotinamide,C00153
Nicotinamide_beta_riboside,C03150
Nicotinamide_D_ribonucleotide,C00455
Nicotinate,C00253
Nicotinate_D_ribonucleoside,C05841
Nicotinate_D_ribonucleotide,C01185
Nitrate,C00244
Nitrile,C00726
Nitrite,C00088
Nucleoside_3_5_bisphosphate,C21158
Nucleoside_5_phosphate,C01117
Nucleoside_triphosphate,C00201
O_Acetyl_L_homoserine,C01077
O_Acetyl_L_serine,C00979
O_Phospho_4_hydroxy_L_threonine,C06055
O_Phospho_L_homoserine,C01102
O_Phospho_L_serine,C01005
O_Phosphorylhomoserine,C05702
O_Succinyl_L_homoserine,C01118
Octadecanoic_acid,C01530
Octadecanoyl_acp,C04088
Octanal,C01545
Octanoyl_acp,C05752
Oleoyl_acp,C01203
Oleoyl_CoA,C00510
Ophthalmate,C21016
Orotate,C00295
Orotidine_5_phosphate,C01103
Orthophosphate,C00009
Oxalate,C00209
Oxaloacetate,C00036
Oxalosuccinate,C05379
Oxalureate,C00802
Oxidized_ferredoxin,C00139
Oxidized_flavodoxin,C02869
Oxygen,C00007
P1_P4_Bis5_adenosyltetraphosphate,C01260
P1_P4_Bis5_guanosyl_tetraphosphate,C01261
P1_P4_Bis5_uridyl_tetraphosphate,C06198
P1_P4_Bis5_xanthosyl_tetraphosphate,C04392
Palmitoleoyl_CoA,C21072
Palmitoyl_CoA,C00154
Pantetheine,C00831
Pantetheine_4_phosphate,C01134
Pantothenate,C00864
Phenethylamine,C05332
Phenol,C00146
Phenylacetaldehyde,C00601
Phenylacetic_acid,C07086
Phenylacetyl_CoA,C00582
Phenylpyruvate,C00166
Phosphatidate,C00416
Phosphatidate_DGDG,C00416
Phosphatidate_MGDG,C00416
Phosphatidate_PG,C00416
Phosphatidate_SQDG,C00416
Phosphatidylcholine,C00157
Phosphatidylethanolamine,C00350
Phosphatidylglycerol,C00344
Phosphatidylglycerophosphate,C03892
Phosphite,C06701
Phosphoenolpyruvate,C00074
Phosphonoacetaldehyde,C03167
Phosphonoacetate,C05682
Phosphoribosyl_AMP,C02741
Photon,
Phylloquinone,C02059
Phytol,C01389
Phytyl_diphosphate,C05427
Phytyl_phosphate,C20764
Pidolic_acid,C01879
Pigments,
Pimeloyl_acp,C19845
Pimeloyl_acp_methyl_ester,C19846
Plastoquinol,C16693
Plastoquinone,C02061
Porphobilinogen,C00931
Precorrin_2,C02463
Precorrin_3A,C05772
Precorrin_3B,C06406
Precorrin_4,C06407
Precorrin_5,C06416
Precorrin_6X,C06320
Precorrin_6Y,C06319
Precorrin_8X,C06408
Precursor_Z,C18239
Prenylated_FMNH2,C21215
Prephenate,C00254
Prephytoene_diphosphate,C03427
Propane_1_2_diol,C00583
Protein,
Protein_3_O_N_acetyl_D_glucosaminyl_L_serine,C19802
Protein_C_terminal_S_farnesyl_L_cysteine,C04506
Protein_C_terminal_S_farnesyl_L_cysteine_methyl_ester,C04748
Protein_glutamine,C02583
Protein_glycin_2_yl_radical,C05312
Protein_glycine,C05197
Protein_L_serine,C02189
Protein_L_threonine,C19803
Protein_lysine,C02188
Protein_N5_methyl_L_glutamine,C20858
Protein_N6_lipoyllysine,C16237
Protein_N6_methyl_L_lysine,C05544
Protein_N6_N6_dimethyl_L_lysine,C05545
Protein_N6_N6_N6_trimethyl_L_lysine,C05546
Protein_N6_octanoyllysine,C16236
Protochlorophyllide,C02880
Protoporphyrin,C02191
Protoporphyrinogen_IX,C01079
Pseudaminic_acid,C20082
Pseudouridine,C02067
Pseudouridine_5_phosphate,C01168
Putrescine,C00134
Pyridoxal,C00250
Pyridoxal_phosphate,C00018
Pyridoxamine,C00534
Pyridoxamine_phosphate,C00647
Pyridoxine,C00314
Pyridoxine_phosphate,C00627
Pyruvate,C00022
Quinolinate,C03722
R_1_Aminopropan_2_ol,C03194
R_2_3_Dihydroxy_3_methylbutanoate,C04272
R_2_3_Dihydroxy_3_methylpentanoate,C06007
R_2_Methylmalate,C02612
R_3_Amino_2_methylpropanoate,C01205
R_3_Hydroxy_3_methyl_2_oxopentanoate,C14463
R_3_Hydroxydodecanoyl_acp,C05757
R_3_Hydroxyhexanoyl_acp,C05747
R_3_Hydroxyoctadecanoyl_acp,C16220
R_3_Ureidoisobutyrate,C21029
R_4_Phosphopantothenoyl_L_cysteine,C04352
R_5_6_Dihydrothymine,C21028
R_Lactate,C00256
R_Lipoate,C16241
R_Pantoate,C00522
R_S_Cysteinylglycine,C05729
R_S_Glutathione,C02320
R_S_Lactoylglutathione,C03451
Reduced_ferredoxin,C00138
Reduced_flavodoxin,C02745
Reduced_FMN,C01847
Retinal,C00376
Riboflavin,C00255
Ribosomal_protein_S12_3_methylthioaspartate,C20758
Ribosomal_protein_S12_L_aspartate,C20756
RNA,
ROH,C01335
rRNA,C00240
rRNA_containing_N2_methylguanine,C04153
S_1_Pyrroline_5_carboxylate,C03912
S_2_Aceto_2_hydroxybutanoate,C06006
S_2_Acetolactate,C06010
S_2_Aminobutanoate,C02356
S_3_Hydroxyisobutyrate,C06001
S_3_Methyl_2_oxopentanoic_acid,C00671
S_4_Amino_5_oxopentanoate,C03741
S_Adenosyl_4_methylthio_2_oxobutanoate,C04425
S_Adenosyl_L_homocysteine,C00021
S_Adenosyl_L_methionine,C00019
S_Adenosylmethioninamine,C01137
S_Aminomethyldihydrolipoylprotein,C01242
S_Dihydroorotate,C00337
S_Formylglutathione,C01031
S_Hydroxymethylglutathione,C14180
S_Lactaldehyde,C00424
S_Lactate,C00186
S_Malate,C00149
S_Methyl_5_thio_D_ribose_1_phosphate,C04188
S_Methyl_5_thio_D_ribulose_1_phosphate,C04582
S_Methylmalonate_semialdehyde,C06002
S_Ribosyl_L_homocysteine,C03539
S_Substituted_L_cysteine,C05726
S_Substituted_N_acetyl_L_cysteine,C05727
S_Ureidoglycine,C02091
Sarcosine,C00213
Se_Adenosyl_L_selenohomocysteine,C05692
Se_Adenosylselenomethionine,C05691
Se_Methyl_L_selenocysteine,C05689
Sedoheptulose_1_7_bisphosphate,C00447
Sedoheptulose_7_phosphate,C05382
Selenate,C05697
Selenite,C05684
Selenohomocysteine,C05698
Selenomethionyl_tRNAMet,C05336
Selenophosphoric_acid,C05172
Shikimate,C00493
Shikimate_3_phosphate,C03175
Siroheme,C00748
Sirohydrochlorin,C05778
sn_Glycerol_3_phosphate,C00093
Sodium_cation,C01330
Spermidine,C00315
Spermine,C00750
Stearoyl_CoA,C00412
Strontium_cation,C13884
Succinate,C00042
Succinate_semialdehyde,C00232
Succinyl_CoA,C00091
Sucrose,C00089
Sucrose_6_phosphate,C02591
Sulfate,C00059
Sulfatide,C06125
Sulfite,C00094
Sulfoquinovose,C20829
Sulfoquinovosyldiacylglycerol,C13508
Sulfur_carrier_protein,C15810
Sulfur_dioxide,C09306
Sulfur_donor,C17023
Superoxide_anion,C00704
Taurine,C00245
Tetradecanoic_acid,C06424
Tetradecanoyl_acp,C05761
Tetrahydrofolate,C00101
Tetrahydrogeranylgeranyl_diphosphate,C17440
THF_diglutamate,
THF_tetraglutamate,
Thiamin_diphosphate,C00068
Thiamin_monophosphate,C01081
Thiamin_triphosphate,C03028
Thiamine,C00378
Thiocarboxy_sulfur_carrier_protein,C15814
Thiocysteine,C01962
Thioredoxin,C00342
Thioredoxin_disulfide,C00343
Thiosulfate,C00320
Thymidine,C00214
Thymine,C00178
trans_Dec_2_enoyl_acp,C05754
trans_Dodec_2_enoyl_acp,C05758
trans_Hex_2_enoyl_acp,C05748
trans_Hexadec_2_enoyl_acp,C05763
trans_Oct_2_enoyl_acp,C05751
trans_octacis_Decaprenylphospho_beta_D_ribofuranose_5_phosphate,C20352
trans_Tetradec_2_enoyl_acp,C05760
trans_trans_Farnesyl_diphosphate,C00448
Triphosphate,C00536
tRNA,C00066
tRNA_7_aminomethyl_7_carbaguanine,C20446
tRNA_adenine,C17324
tRNA_containing_6_isopentenyladenosine,C04432
tRNA_containing_N1_methylguanine,C04157
tRNA_guanine,C01977
tRNA_hypoxanthine,C20451
tRNAAla,C01635
tRNAArg,C01636
tRNAAsp,C01638
tRNACys,C01639
tRNAGln,C01640
tRNAGlu,C01641
tRNAGly,C01642
tRNAHis,C01643
tRNAIle,C01644
tRNAIle2_cytidine34,C19722
tRNAIle2_lysidine34,C19723
tRNALeu,C01645
tRNALys,C01646
tRNAMet,C01647
tRNAPhe,C01648
tRNAPro,C01649
tRNASec,C16636
tRNASer,C01650
tRNAThr,C01651
tRNATrp,C01652
tRNATyr,C00787
tRNAVal,C01653
UDP,C00015
UDP_2_3_bis3_hydroxytetradecanoylglucosamine,C04652
UDP_2_3_diacetamido_2_3_dideoxy_alpha_D_glucuronate,C19725
UDP_2_4_bisacetamido_2_4_6_trideoxy_beta_L_altropyranose,C19971
UDP_2_acetamido_2_6_dideoxy_beta_L_arabino_hexos_4_ulose,C19823
UDP_2_acetamido_2_deoxy_alpha_D_ribo_hex_3_uluronate,C20395
UDP_2_acetamido_3_amino_2_3_dideoxy_alpha_D_glucuronate,C20359
UDP_3_O_3_hydroxytetradecanoyl_D_glucosamine,C06022
UDP_3_O_3_hydroxytetradecanoyl_N_acetylglucosamine,C04738
UDP_4_amino_4_6_dideoxy_N_acetyl_beta_L_altrosamine,C19961
UDP_4_dehydro_6_deoxy_D_glucose,C04089
UDP_6_sulfoquinovose,C11521
UDP_alpha_D_galactofuranose,C03733
UDP_alpha_D_galactose,C00052
UDP_D_galacturonate,C00617
UDP_D_xylose,C00190
UDP_glucose,C00029
UDP_glucuronate,C00167
UDP_L_Ara4FN,C16154
UDP_L_Ara4N,C16153
UDP_L_Ara4O,C16155
UDP_N_acetyl_2_amino_2_deoxy_D_glucuronate,C04573
UDP_N_acetyl_3_1_carboxyvinyl_D_glucosamine,C04631
UDP_N_acetyl_alpha_D_glucosamine,C00043
UDP_N_acetyl_D_galactosamine,C00203
UDP_N_acetyl_D_galactosaminuronic_acid,C13952
UDP_N_acetyl_D_mannosamine,C01170
UDP_N_acetyl_D_mannosaminouronate,C06240
UDP_N_acetylmuramate,C01050
UDP_N_acetylmuramoyl_L_alanine,C01212
UDP_N_acetylmuramoyl_L_alanyl_D_glutamate,C00692
UDP_N_acetylmuramoyl_L_alanyl_D_glutamyl_6_carboxy_L_lysyl_D_alanyl_D_alanine,C04882
UDP_N_acetylmuramoyl_L_alanyl_gamma_D_glutamyl_L_lysine,C05892
UDP_N_acetylmuramoyl_L_alanyl_gamma_D_glutamyl_meso_2_6_diaminopimelate,C04877
UDP_N_N_Diacetylbacillosamine,C20357
UDPMurNAcoyl_L_Ala_D_gamma_Glu_L_Lys_D_Ala_D_Ala,C04702
UMP,C00105
Undecaprenyl_diphospho_N_acetylmuramoyl_L_alanyl_D_glutamyl_meso_2_6_diaminopimeloyl_D_alanyl_D_alanine,C05897
Undecaprenyl_diphospho_N_acetylmuramoyl_N_acetylglucosamine_L_alanyl_D_glutamyl_meso_2_6_diaminopimeloyl_D_alanyl_D_alanine,C05898
Undecaprenyl_diphospho_N_acetylmuramoyl_N_acetylglucosamine_L_alanyl_gamma_D_glutamyl_L_lysyl_D_alanyl_D_alanine,C05893
Undecaprenyl_phosphate_alpha_L_Ara4N,C16157
Uracil,C00106
Urea,C00086
Urea_1_carboxylate,C01010
Uridine,C00299
Uroporphyrinogen_I,C05766
Uroporphyrinogen_III,C01051
UTP,C00075
VitaCofactors,
Xanthine,C00385
Xanthosine,C01762
Xanthosine_5_phosphate,C00655
XTP,C00700
Z_But_2_ene_1_2_3_tricarboxylate,C04225
Zeaxanthin,C06098
Zeinoxanthin,C08590
Zn2,C00038
3_Phospho_D_glycerate_car,C00197
CO2_car,C00011
D_Ribulose_1_5_bisphosphate_car,C01182
H_car,C00080
H2O_car,C00001
HCO3__car,C00288
2_Aminoethylphosphonate_e,C03557
5_Deoxyadenosine_e,C05198
7_Aminomethyl_7_carbaguanine_e,C16675
Acetate_e,C00033
Adenine_e,C00147
Adenosine_e,C00212
Ammonia_e,C00014
Arsenate_e,C11215
Arsenite_e,C06697
Betaine_e,C00719
biomass_e,
Biotin_e,C00120
Cadmium_e,C01413
Calcium_cation_e,C00076
Chitin_e,C00461
Chloride_ion_e,C00698
Choline_e,C00114
Chromate_e,
cis_Aconitate_e,C00417
Citrate_e,C00158
CO_e,C00237
CO2_e,C00011
Cobalt_ion_e,C00175
CobIalamin_e,C00853
Copper_e,C00070
Cyanate_e,C01417
Cytidine_e,C00475
Cytosine_e,C00380
D_Glucose_e,C00031
D_Ribose_e,C00121
Dimethyl_sulfide_e,C00580
DMSP_e,C04022
Fe2_e,C14818
Formate_e,C00058
Fumarate_e,C00122
Glutathione_e,C00051
Glycerol_e,C00116
Glycine_e,C00037
Glycogen_e,C00031
Glycolaldehyde_e,C00266
Glycolate_e,C00160
Guanine_e,C00242
Guanosine_e,C00387
H_e,C00080
H2O_e,C00001
HCO3__e,C00288
Hydrogen_sulfide_e,C00283
Isocitrate_e,C00311
K_e,C00238
L_Alanine_e,C00041
L_Arginine_e,C00062
L_Asparagine_e,C00152
L_Aspartate_e,C00049
L_Cysteine_e,C00097
L_Glutamate_e,C00025
L_Glutamine_e,C00064
L_Histidine_e,C00135
L_Isoleucine_e,C00407
L_Leucine_e,C00123
L_Lysine_e,C00047
L_Methionine_e,C00073
L_Ornithine_e,C00077
L_Phenylalanine_e,C00079
L_Proline_e,C00148
L_Serine_e,C00065
L_Threonine_e,C00188
L_Tryptophan_e,C00078
L_Tyrosine_e,C00082
L_Valine_e,C00183
Lactose_e,C00243
Lipid_A_disaccharide_e,C04932
Magnesium_cation_e,C00305
Maltose_e,C00208
Methanol_e,C00132
Methylphosphonate_e,C20396
Mn2_e,C19610
Molybdenum_e,C00150
Nicotinate_e,C00253
Nitrate_e,C00244
Nitrite_e,C00088
Orthophosphate_e,C00009
Oxalate_e,C00209
Oxygen_e,C00007
Phosphite_e,C06701
Phosphonoacetate_e,C05682
Photon_e,
Putrescine_e,C00134
Pyridoxine_e,C00314
Pyruvate_e,C00022
S_Adenosyl_4_methylthio_2_oxobutanoate_e,C04425
S_Malate_e,C00149
Selenate_e,C05697
sn_Glycerol_3_phosphate_e,C00093
Sodium_cation_e,C01330
Spermidine_e,C00315
Strontium_cation_e,C13884
Succinate_e,C00042
Sulfate_e,C00059
Sulfur_donor_e,C17023
Taurine_e,C00245
THF_tetraglutamate_e,
Thiosulfate_e,C00320
Thymidine_e,C00214
Thymine_e,C00178
Uracil_e,C00106
Urea_e,C00086
Uridine_e,C00299
Xanthine_e,C00385
Zn2_e,C00038
Crosslinked_peptideglycan,C05896
GlcNAc_1_4_Mur2Acoyl_L_Ala_g_D_Glu_L_Lys_D_Ala_D_Alan_diphosphoundecaprenol,C11826
H_p,C00080
Oxidized_plastocyanin_p,C03162
Plastoquinol_p,C16693
Plastoquinone_p,C02061
Reduced_plastocyanin_p,C03025
alpha_Carotene_1,
Divinylchlorophyll_a,C11850
Divinylchlorophyll_a1,
Divinylchlorophyll_a2,
Divinylchlorophyll_a3,
Divinylchlorophyll_b,
Divinylchlorophyll_b1,
Divinylchlorophyll_b2,
Divinylchlorophyll_b3,
Exciton,
H_th,C00080
Oxidized_plastocyanin_th,C03162
Oxygen_1,C00007
Oxygen_th,C00007
Photon_aCar,
Photon_DVChla,
Photon_DVChlb,
Photon_Zeax,
Plastoquinol_th,C16693
Plastoquinone_th,C02061
Reduced_plastocyanin_th,C03025
Zeaxanthin_1,